source,date_crawl,type_bien,nb_pieces,surface_m2,prix,prix_m2,quartier,criteres,titre,url
LeBonCoin,2026-03-09,Appartement,3.0,49.0,87000,1776.0,,,Appartement 3 pices 49 m,https://www.leboncoin.fr/ad/ventes_immobilieres/3082005271
LeBonCoin,2026-03-09,Appartement,2.0,69.0,74300,1077.0,,,Appartement en viager 2 pices 69 m,https://www.leboncoin.fr/ad/ventes_immobilieres/2848205409
LeBonCoin,2026-03-09,Maison,7.0,166.0,660000,3976.0,,,Villa 7 pices 166 m,https://www.leboncoin.fr/ad/ventes_immobilieres/3155076959
LeBonCoin,2026-03-09,Appartement,3.0,67.0,536000,8000.0,,,Appartement 3 pices 67 m,https://www.leboncoin.fr/ad/ventes_immobilieres/3123805406
LeBonCoin,2026-03-09,Appartement,6.0,260.0,450000,1731.0,,,Loft 6 pices 260 m,https://www.leboncoin.fr/ad/ventes_immobilieres/2980531550
LeBonCoin,2026-03-09,Appartement,3.0,67.0,166000,2478.0,,"jardin/terrasse, ascenseur",Appartement 2/3 chambres - ascenseur - balcon - stationnement,https://www.leboncoin.fr/ad/ventes_immobilieres/3158664170
LeBonCoin,2026-03-09,Appartement,4.0,80.0,199000,2488.0,,,Appartement 4 pices 80 m,https://www.leboncoin.fr/ad/ventes_immobilieres/3138370471
LeBonCoin,2026-03-09,Appartement,5.0,88.0,320000,3636.0,,,Appartement 5 pices 88 m,https://www.leboncoin.fr/ad/ventes_immobilieres/3127054509
LeBonCoin,2026-03-09,Appartement,3.0,59.0,217000,3678.0,,,Appartement 3 pices 59 m,https://www.leboncoin.fr/ad/ventes_immobilieres/3102310861
LeBonCoin,2026-03-09,Appartement,4.0,82.0,285000,3476.0,,,Appartement 4 pices 82 m,https://www.leboncoin.fr/ad/ventes_immobilieres/3097402627
LeBonCoin,2026-03-09,Appartement,2.0,36.0,117000,3250.0,,,Appartement 2 pices 36 m,https://www.leboncoin.fr/ad/ventes_immobilieres/2977220770
LeBonCoin,2026-03-09,Appartement,2.0,48.0,130000,2708.0,,,Appartement 2 pices 48 m,https://www.leboncoin.fr/ad/ventes_immobilieres/3158659511
LeBonCoin,2026-03-09,Appartement,2.0,47.0,48600,1034.0,,,Appartement en viager 2 pices 47 m,https://www.leboncoin.fr/ad/ventes_immobilieres/3041393577
LeBonCoin,2026-03-09,Appartement,4.0,112.0,648000,5786.0,,,Appartement 4 pices 112 m,https://www.leboncoin.fr/ad/ventes_immobilieres/3146661969
LeBonCoin,2026-03-09,Appartement,3.0,55.0,135000,2455.0,,,Appartement en Viager 3 pices 55 m,https://www.leboncoin.fr/ad/ventes_immobilieres/2989313551
LeBonCoin,2026-03-09,Appartement,3.0,70.0,295000,4214.0,,,Appartement 3 pices 70 m,https://www.leboncoin.fr/ad/ventes_immobilieres/3059596868
LeBonCoin,2026-03-09,Appartement,4.0,112.0,499000,4455.0,,jardin/terrasse,Toulon  Place de lOpra Superbe Appartement Haussmannien de 112 m avec balcon et grands volumes,https://www.leboncoin.fr/ad/ventes_immobilieres/3135408632
LeBonCoin,2026-03-09,Appartement,2.0,53.0,295000,5566.0,,,Appartement 2 pices 53 m,https://www.leboncoin.fr/ad/ventes_immobilieres/3158609684
LeBonCoin,2026-03-09,Appartement,1.0,25.0,82000,3280.0,,,Studio 1 pice 25 m,https://www.leboncoin.fr/ad/ventes_immobilieres/3158603084
LeBonCoin,2026-03-09,Appartement,4.0,73.0,232000,3178.0,,,Appartement 4 pices 73 m,https://www.leboncoin.fr/ad/ventes_immobilieres/3095908157
LeBonCoin,2026-03-09,Appartement,4.0,94.0,582000,6191.0,,,Appartement - 4 pices - LA CLOSERAIE TOULON,https://www.leboncoin.fr/ad/ventes_immobilieres/3060351454
LeBonCoin,2026-03-09,Appartement,4.0,75.0,178000,2373.0,,,Appartement 4 pices 75 m,https://www.leboncoin.fr/ad/ventes_immobilieres/3158599284
LeBonCoin,2026-03-09,Appartement,2.0,47.0,167000,3553.0,,,Appartement 2 pices 47 m,https://www.leboncoin.fr/ad/ventes_immobilieres/3062616967
LeBonCoin,2026-03-09,Appartement,3.0,82.0,328000,4000.0,,,Appartement 3 pices 82 m,https://www.leboncoin.fr/ad/ventes_immobilieres/3158564844
LeBonCoin,2026-03-09,Appartement,3.0,69.0,169000,2449.0,,,Appartement 3 pices 69 m,https://www.leboncoin.fr/ad/ventes_immobilieres/3095911663
LeBonCoin,2026-03-09,Appartement,5.0,92.0,415000,4511.0,,,Appartement 5 pices 92 m,https://www.leboncoin.fr/ad/ventes_immobilieres/3148415644
LeBonCoin,2026-03-09,Maison,5.0,135.0,750000,5556.0,,,Maison de ville 5 pices 135 m,https://www.leboncoin.fr/ad/ventes_immobilieres/3124230408
LeBonCoin,2026-03-09,Appartement,2.0,37.0,139000,3757.0,,,Loft 2 pices 37 m,https://www.leboncoin.fr/ad/ventes_immobilieres/3110732847
LeBonCoin,2026-03-09,Appartement,3.0,53.0,165000,3113.0,,,Appartement 3 pices 53 m,https://www.leboncoin.fr/ad/ventes_immobilieres/3152021914
LeBonCoin,2026-03-09,Appartement,1.0,37.0,159000,4297.0,,,Appartement 1 pice 37 m,https://www.leboncoin.fr/ad/ventes_immobilieres/3098179902
LeBonCoin,2026-03-09,Appartement,3.0,51.0,128000,2510.0,,,Appartement 3 pices 51 m,https://www.leboncoin.fr/ad/ventes_immobilieres/3124685194
LeBonCoin,2026-03-09,Appartement,2.0,30.0,119000,3967.0,,,Appartement 2 pices 30 m,https://www.leboncoin.fr/ad/ventes_immobilieres/3075090103
LeBonCoin,2026-03-09,Appartement,1.0,17.0,83000,4882.0,,,Appartement 1 pice 17 m,https://www.leboncoin.fr/ad/ventes_immobilieres/2349117437
LeBonCoin,2026-03-09,Appartement,3.0,71.0,434000,6113.0,,,Appartement 3 pices 71 m,https://www.leboncoin.fr/ad/ventes_immobilieres/3135876028
LeBonCoin,2026-03-09,Autre,,65.0,250000,3846.0,,,Immeuble 65 m Toulon,https://www.leboncoin.fr/ad/ventes_immobilieres/3095762558
LeBonCoin,2026-03-09,Appartement,4.0,87.0,189000,2172.0,,,Studio 4 pices 87 m,https://www.leboncoin.fr/ad/ventes_immobilieres/3122805462
LeBonCoin,2026-03-09,Appartement,4.0,79.0,225000,2848.0,,,Appartement 4 pices 79 m,https://www.leboncoin.fr/ad/ventes_immobilieres/3151670047
LeBonCoin,2026-03-09,Appartement,2.0,42.0,189000,4500.0,,,Appartement 2 pices 42 m,https://www.leboncoin.fr/ad/ventes_immobilieres/3055655258
LeBonCoin,2026-03-09,Appartement,3.0,71.0,405000,5704.0,,,Appartement 3 pices 71 m,https://www.leboncoin.fr/ad/ventes_immobilieres/2882383178
LeBonCoin,2026-03-09,Appartement,2.0,48.0,164000,3417.0,,,Appartement 2 pices 48 m,https://www.leboncoin.fr/ad/ventes_immobilieres/3158397380
LeBonCoin,2026-03-09,Appartement,2.0,52.0,121800,2342.0,,,Appartement 2 pices 52 m,https://www.leboncoin.fr/ad/ventes_immobilieres/3113747323
LeBonCoin,2026-03-09,Appartement,2.0,49.0,234300,4782.0,,,Appartement 2 pices 49 m,https://www.leboncoin.fr/ad/ventes_immobilieres/3099860619
LeBonCoin,2026-03-09,Appartement,3.0,59.0,249000,4220.0,,,Appartement 3 pices 59 m,https://www.leboncoin.fr/ad/ventes_immobilieres/3016412637
LeBonCoin,2026-03-09,Appartement,5.0,82.0,193000,2354.0,,,Appartement 5 pices 82 m,https://www.leboncoin.fr/ad/ventes_immobilieres/2956990584
LeBonCoin,2026-03-09,Appartement,2.0,37.0,180000,4865.0,,,Appartement 2 pices 37 m,https://www.leboncoin.fr/ad/ventes_immobilieres/3148526109
LeBonCoin,2026-03-09,Appartement,1.0,21.0,155000,7381.0,,,Studio 1 pice 21 m,https://www.leboncoin.fr/ad/ventes_immobilieres/3145870417
LeBonCoin,2026-03-09,Appartement,5.0,98.0,282000,2878.0,,,Appartement 5 pices 98 m,https://www.leboncoin.fr/ad/ventes_immobilieres/3100080839
LeBonCoin,2026-03-09,Appartement,3.0,84.0,289000,3440.0,,,Appartement 3 pices 84 m,https://www.leboncoin.fr/ad/ventes_immobilieres/3079250269
LeBonCoin,2026-03-09,Appartement,4.0,95.0,599000,6305.0,,,Appartement 4 pices 95 m,https://www.leboncoin.fr/ad/ventes_immobilieres/3145977768
LeBonCoin,2026-03-09,Appartement,3.0,66.0,205000,3106.0,,"jardin/terrasse, vue mer, cave",Toulon Port Marchand T3 66m2 avec Balcon vue mer et cave,https://www.leboncoin.fr/ad/ventes_immobilieres/3135397628
LeBonCoin,2026-03-09,Appartement,2.0,47.0,185000,3936.0,,,Appartement 2 pices 47 m,https://www.leboncoin.fr/ad/ventes_immobilieres/2972662479
LeBonCoin,2026-03-09,Appartement,3.0,74.0,143000,1932.0,,,Appartement 3 pices 74 m,https://www.leboncoin.fr/ad/ventes_immobilieres/3138858798
LeBonCoin,2026-03-09,Appartement,3.0,70.0,109900,1570.0,,,Appartement en Viager 3 pices 70 m,https://www.leboncoin.fr/ad/ventes_immobilieres/3136744296
LeBonCoin,2026-03-09,Appartement,3.0,86.0,370000,4302.0,,,Loft 3 pices 86 m,https://www.leboncoin.fr/ad/ventes_immobilieres/3132609888
LeBonCoin,2026-03-09,Maison,11.0,201.0,949000,4721.0,,,Maison 11 pices 201 m,https://www.leboncoin.fr/ad/ventes_immobilieres/3066145810
LeBonCoin,2026-03-09,Appartement,3.0,63.0,423000,6714.0,,,Appartement 3 pices 63 m,https://www.leboncoin.fr/ad/ventes_immobilieres/3148494418
LeBonCoin,2026-03-09,Appartement,2.0,38.0,138000,3632.0,,parking/garage,Toulon la loubiere dans residence de 2014 - t2 avec parking sous sol,https://www.leboncoin.fr/ad/ventes_immobilieres/3143222175
LeBonCoin,2026-03-09,Appartement,2.0,45.0,97470,2166.0,,,Appartement 2 pices 45 m,https://www.leboncoin.fr/ad/ventes_immobilieres/3136601556
LeBonCoin,2026-03-09,Appartement,4.0,96.0,345000,3594.0,,,Appartement 4 pices 96 m,https://www.leboncoin.fr/ad/ventes_immobilieres/3087840194
LeBonCoin,2026-03-09,Appartement,4.0,66.0,230000,3485.0,,,Appartement 4 pices 66 m,https://www.leboncoin.fr/ad/ventes_immobilieres/3043125115
LeBonCoin,2026-03-09,Appartement,3.0,64.0,299000,4672.0,,,Appartement 3 pices 64 m,https://www.leboncoin.fr/ad/ventes_immobilieres/3085246618
LeBonCoin,2026-03-09,Appartement,6.0,90.0,299000,3322.0,,,Appartement 6 pices 90 m,https://www.leboncoin.fr/ad/ventes_immobilieres/3106327639
LeBonCoin,2026-03-09,Appartement,5.0,72.0,314000,4361.0,,,Appartement 5 pices 72 m,https://www.leboncoin.fr/ad/ventes_immobilieres/3095696264
LeBonCoin,2026-03-09,Appartement,3.0,74.0,290000,3919.0,,,Appartement 3 pices 74 m,https://www.leboncoin.fr/ad/ventes_immobilieres/3154588943
LeBonCoin,2026-03-09,Appartement,2.0,39.0,144000,3692.0,,,Appartement 2 pices 39 m,https://www.leboncoin.fr/ad/ventes_immobilieres/3123200218
LeBonCoin,2026-03-09,Appartement,3.0,56.0,315000,5625.0,,,Appartement 3 pices 56 m,https://www.leboncoin.fr/ad/ventes_immobilieres/3115895521
LeBonCoin,2026-03-09,Appartement,3.0,35.0,119000,3400.0,,,Studio 3 pices 35 m,https://www.leboncoin.fr/ad/ventes_immobilieres/3090719082
LeBonCoin,2026-03-09,Appartement,2.0,44.0,137000,3114.0,,,Appartement 2 pices 44 m,https://www.leboncoin.fr/ad/ventes_immobilieres/3077939746
LeBonCoin,2026-03-09,Appartement,3.0,68.0,278800,4100.0,,,Appartement 3 pices 68 m,https://www.leboncoin.fr/ad/ventes_immobilieres/3072310866
LeBonCoin,2026-03-09,Appartement,4.0,78.0,369000,4731.0,,,Appartement 4 pices 78 m,https://www.leboncoin.fr/ad/ventes_immobilieres/3003385786
LeBonCoin,2026-03-09,Appartement,5.0,79.0,217000,2747.0,claret,,T5 - TOULON secteur claret,https://www.leboncoin.fr/ad/ventes_immobilieres/3146041095
LeBonCoin,2026-03-09,Appartement,4.0,87.0,226000,2598.0,,,Appartement 4 pices 87 m,https://www.leboncoin.fr/ad/ventes_immobilieres/3028399150
LeBonCoin,2026-03-09,Appartement,5.0,113.0,279900,2477.0,,,Appartement 5 pices 113 m,https://www.leboncoin.fr/ad/ventes_immobilieres/3025323933
LeBonCoin,2026-03-09,Appartement,3.0,60.0,345000,5750.0,,,Appartement 3 pices 60 m,https://www.leboncoin.fr/ad/ventes_immobilieres/3012087094
LeBonCoin,2026-03-09,Appartement,3.0,55.0,238500,4336.0,,,Appartement 3 pices 55 m,https://www.leboncoin.fr/ad/ventes_immobilieres/2980002081
LeBonCoin,2026-03-09,Appartement,2.0,48.0,102000,2125.0,,,Appartement 2 pices 48 m,https://www.leboncoin.fr/ad/ventes_immobilieres/2940804641
LeBonCoin,2026-03-09,Appartement,3.0,69.0,290000,4203.0,,,Appartement 3 pices 69 m,https://www.leboncoin.fr/ad/ventes_immobilieres/2895227377
LeBonCoin,2026-03-09,Appartement,3.0,62.0,413000,6661.0,,,Appartement 3 pices 62 m,https://www.leboncoin.fr/ad/ventes_immobilieres/2868523297
LeBonCoin,2026-03-09,Appartement,4.0,85.0,345000,4059.0,,,Appartement 4 pices 85 m,https://www.leboncoin.fr/ad/ventes_immobilieres/3095760017
LeBonCoin,2026-03-09,Appartement,3.0,69.0,237000,3435.0,,,Appartement 3 pices 69 m,https://www.leboncoin.fr/ad/ventes_immobilieres/3154815065
LeBonCoin,2026-03-09,Appartement,5.0,120.0,425000,3542.0,,,Appartement 5 pices 120 m,https://www.leboncoin.fr/ad/ventes_immobilieres/3143083743
LeBonCoin,2026-03-09,Appartement,4.0,142.0,693600,4885.0,,,Appartement en Viager 4 pices 142 m,https://www.leboncoin.fr/ad/ventes_immobilieres/3068068443
LeBonCoin,2026-03-09,Appartement,4.0,96.0,198000,2062.0,,,Appartement 4 pices 96 m,https://www.leboncoin.fr/ad/ventes_immobilieres/3154640319
LeBonCoin,2026-03-09,Appartement,3.0,63.0,150000,2381.0,,,Appartement 3 pices 63 m,https://www.leboncoin.fr/ad/ventes_immobilieres/3151751537
LeBonCoin,2026-03-09,Appartement,3.0,57.0,370000,6491.0,,,Appartement 3 pices 57 m,https://www.leboncoin.fr/ad/ventes_immobilieres/3146161105
LeBonCoin,2026-03-09,Appartement,2.0,56.0,120000,2143.0,,,Appartement 2 pices 56 m,https://www.leboncoin.fr/ad/ventes_immobilieres/3130668385
LeBonCoin,2026-03-09,Appartement,4.0,67.0,295000,4403.0,,,Appartement 4 pices 67 m,https://www.leboncoin.fr/ad/ventes_immobilieres/3128532673
LeBonCoin,2026-03-09,Appartement,4.0,76.0,244000,3211.0,,,Appartement 4 pices 76 m,https://www.leboncoin.fr/ad/ventes_immobilieres/3107848057
LeBonCoin,2026-03-09,Appartement,5.0,126.0,259000,2056.0,,,Appartement 5 pices 126 m,https://www.leboncoin.fr/ad/ventes_immobilieres/3091038927
LeBonCoin,2026-03-09,Appartement,3.0,51.0,128000,2510.0,,,Appartement 3 pices 51 m,https://www.leboncoin.fr/ad/ventes_immobilieres/3088151403
LeBonCoin,2026-03-09,Appartement,2.0,52.0,110000,2115.0,,,Appartement 2 pices 52 m,https://www.leboncoin.fr/ad/ventes_immobilieres/2738636776
LeBonCoin,2026-03-09,Appartement,1.0,17.0,82000,4824.0,,,Studio 1 pice 17 m,https://www.leboncoin.fr/ad/ventes_immobilieres/2410365222
LeBonCoin,2026-03-09,Appartement,4.0,85.0,350000,4118.0,,,Appartement 4 pices 85 m,https://www.leboncoin.fr/ad/ventes_immobilieres/3031435334
LeBonCoin,2026-03-09,Appartement,5.0,100.0,315000,3150.0,,,Appartement 5 pices 100 m,https://www.leboncoin.fr/ad/ventes_immobilieres/3154381295
LeBonCoin,2026-03-09,Appartement,2.0,37.0,139500,3770.0,,,Appartement 2 pices 37 m,https://www.leboncoin.fr/ad/ventes_immobilieres/3151650705
LeBonCoin,2026-03-09,Appartement,3.0,57.0,369000,6474.0,,,Appartement 3 pices 57 m,https://www.leboncoin.fr/ad/ventes_immobilieres/3143412450
LeBonCoin,2026-03-09,Appartement,4.0,70.0,187000,2671.0,,,Appartement 4 pices 70 m,https://www.leboncoin.fr/ad/ventes_immobilieres/3131288168
LeBonCoin,2026-03-09,Appartement,4.0,67.0,154900,2312.0,,,Appartement 4 pices 67 m,https://www.leboncoin.fr/ad/ventes_immobilieres/3127754586
LeBonCoin,2026-03-09,Appartement,4.0,81.0,185500,2290.0,,,Appartement 4 pices 81 m,https://www.leboncoin.fr/ad/ventes_immobilieres/3038640342
LeBonCoin,2026-03-09,Appartement,4.0,78.0,290000,3718.0,,,Appartement 4 pices 78 m,https://www.leboncoin.fr/ad/ventes_immobilieres/2970181275
LeBonCoin,2026-03-09,Appartement,2.0,36.0,125000,3472.0,,,Appartement 2 pices 36 m,https://www.leboncoin.fr/ad/ventes_immobilieres/3123200978
LeBonCoin,2026-03-09,Appartement,2.0,63.0,145000,2302.0,,,Appartement 2 pices 63 m,https://www.leboncoin.fr/ad/ventes_immobilieres/3117031561
LeBonCoin,2026-03-09,Appartement,2.0,55.0,117000,2127.0,,,Appartement 2 pices 55 m,https://www.leboncoin.fr/ad/ventes_immobilieres/3146162240
LeBonCoin,2026-03-09,Appartement,3.0,86.0,218000,2535.0,,,Appartement 3 pices 86 m,https://www.leboncoin.fr/ad/ventes_immobilieres/3146006585
LeBonCoin,2026-03-09,Appartement,2.0,40.0,102800,2570.0,,,Appartement 2 pices 40 m,https://www.leboncoin.fr/ad/ventes_immobilieres/3136601559
LeBonCoin,2026-03-09,Appartement,9.0,211.0,684000,3242.0,,,Appartement 9 pices 211 m,https://www.leboncoin.fr/ad/ventes_immobilieres/3077918372
LeBonCoin,2026-03-09,Appartement,1.0,26.0,90000,3462.0,,,Appartement 1 pice 26 m,https://www.leboncoin.fr/ad/ventes_immobilieres/3058945348
LeBonCoin,2026-03-09,Appartement,3.0,54.0,209000,3870.0,,,Appartement 3 pices 54 m,https://www.leboncoin.fr/ad/ventes_immobilieres/2892608444
LeBonCoin,2026-03-09,Autre,9.0,150.0,550000,3667.0,,,Immeuble 9 pices 150 m,https://www.leboncoin.fr/ad/ventes_immobilieres/3126521104
LeBonCoin,2026-03-09,Appartement,2.0,46.0,128000,2783.0,,,Appartement 2 pices 46 m,https://www.leboncoin.fr/ad/ventes_immobilieres/3031371301
LeBonCoin,2026-03-09,Appartement,2.0,39.0,272000,6974.0,,,Appartement 2 pices 39 m,https://www.leboncoin.fr/ad/ventes_immobilieres/2860554361
LeBonCoin,2026-03-09,Appartement,2.0,45.0,147500,3278.0,,,Appartement 2 pices 45 m,https://www.leboncoin.fr/ad/ventes_immobilieres/3148680332
LeBonCoin,2026-03-09,Appartement,4.0,67.0,109000,1627.0,,,Appartement 4 pices 67 m,https://www.leboncoin.fr/ad/ventes_immobilieres/2997874865
LeBonCoin,2026-03-09,Appartement,1.0,31.0,140000,4516.0,,,Appartement 1 pice 31 m,https://www.leboncoin.fr/ad/ventes_immobilieres/2965856439
LeBonCoin,2026-03-09,Appartement,3.0,69.0,308000,4464.0,,,Appartement 3 pices 69 m,https://www.leboncoin.fr/ad/ventes_immobilieres/3154751007
LeBonCoin,2026-03-09,Appartement,4.0,82.0,432000,5268.0,,,Appartement 4 pices 82 m,https://www.leboncoin.fr/ad/ventes_immobilieres/3148616221
LeBonCoin,2026-03-09,Appartement,3.0,61.0,145000,2377.0,,,Appartement 3 pices 61 m,https://www.leboncoin.fr/ad/ventes_immobilieres/3146007033
LeBonCoin,2026-03-09,Appartement,3.0,56.0,112000,2000.0,,,Appartement 3 pices 56 m,https://www.leboncoin.fr/ad/ventes_immobilieres/3098395223
LeBonCoin,2026-03-09,Appartement,2.0,77.0,201680,2619.0,,,Appartement 2 pices 77 m,https://www.leboncoin.fr/ad/ventes_immobilieres/3123249382
LeBonCoin,2026-03-09,Appartement,4.0,65.0,160000,2462.0,,,Appartement 4 pices 65 m,https://www.leboncoin.fr/ad/ventes_immobilieres/3128961169
LeBonCoin,2026-03-09,Appartement,3.0,67.0,145000,2164.0,,,Appartement 3 pices 67 m,https://www.leboncoin.fr/ad/ventes_immobilieres/3134223240
LeBonCoin,2026-03-09,Appartement,6.0,129.0,436000,3380.0,,,Appartement 6 pices 129 m,https://www.leboncoin.fr/ad/ventes_immobilieres/3104402869
LeBonCoin,2026-03-09,Appartement,2.0,34.0,78000,2294.0,,,Appartement 2 pices 34 m,https://www.leboncoin.fr/ad/ventes_immobilieres/3079064870
LeBonCoin,2026-03-09,Appartement,3.0,54.0,169000,3130.0,,,Appartement 3 pices 54 m,https://www.leboncoin.fr/ad/ventes_immobilieres/3154506527
LeBonCoin,2026-03-09,Appartement,3.0,73.0,243000,3329.0,,,Appartement 3 pices 73 m,https://www.leboncoin.fr/ad/ventes_immobilieres/3104474182
LeBonCoin,2026-03-09,Appartement,5.0,116.0,285000,2457.0,,,Appartement 5 pices 116 m,https://www.leboncoin.fr/ad/ventes_immobilieres/3064427618
LeBonCoin,2026-03-09,Appartement,6.0,158.0,575000,3639.0,,,Appartement 6 pices 158 m,https://www.leboncoin.fr/ad/ventes_immobilieres/3150689128
LeBonCoin,2026-03-09,Autre,8.0,256.0,649000,2535.0,,,Immeuble 8 pices 256 m,https://www.leboncoin.fr/ad/ventes_immobilieres/3135086556
LeBonCoin,2026-03-09,Appartement,4.0,86.0,193000,2244.0,,,Appartement 4 pices 86 m,https://www.leboncoin.fr/ad/ventes_immobilieres/3132497447
LeBonCoin,2026-03-09,Appartement,3.0,52.0,103200,1985.0,,,Appartement 3 pices 52 m,https://www.leboncoin.fr/ad/ventes_immobilieres/3110982862
LeBonCoin,2026-03-09,Appartement,4.0,66.0,124000,1879.0,,,Appartement 4 pices 66 m,https://www.leboncoin.fr/ad/ventes_immobilieres/2997874864
LeBonCoin,2026-03-09,Appartement,1.0,45.0,230000,5111.0,,,Appartement - 1 pice - VAL D'ORIA,https://www.leboncoin.fr/ad/ventes_immobilieres/3136052811
LeBonCoin,2026-03-09,Appartement,1.0,18.0,42000,2333.0,,,Appartement 1 pice 18 m,https://www.leboncoin.fr/ad/ventes_immobilieres/3135678523
LeBonCoin,2026-03-09,Maison,6.0,180.0,879000,4883.0,,,Proprit 6 pices 180 m,https://www.leboncoin.fr/ad/ventes_immobilieres/3154506549
LeBonCoin,2026-03-09,Appartement,4.0,75.0,180000,2400.0,,,Appartement 4 pices 75 m,https://www.leboncoin.fr/ad/ventes_immobilieres/3154506533
LeBonCoin,2026-03-09,Appartement,2.0,47.0,159000,3383.0,,,Appartement 2 pices 47 m,https://www.leboncoin.fr/ad/ventes_immobilieres/3123577067
LeBonCoin,2026-03-09,Appartement,5.0,126.0,258000,2048.0,,,Appartement 5 pices 126 m,https://www.leboncoin.fr/ad/ventes_immobilieres/3079247015
LeBonCoin,2026-03-09,Appartement,2.0,25.0,82000,3280.0,,,Appartement 2 pices 25 m,https://www.leboncoin.fr/ad/ventes_immobilieres/3148501968
LeBonCoin,2026-03-09,Appartement,1.0,18.0,76036,4224.0,,,Appartement 1 pice 18 m,https://www.leboncoin.fr/ad/ventes_immobilieres/3146161855
LeBonCoin,2026-03-09,Appartement,4.0,85.0,267000,3141.0,,,Appartement 4 pices 85 m,https://www.leboncoin.fr/ad/ventes_immobilieres/3138362913
LeBonCoin,2026-03-09,Appartement,4.0,74.0,235000,3176.0,,,Appartement 4 pices 74 m,https://www.leboncoin.fr/ad/ventes_immobilieres/3140610555
LeBonCoin,2026-03-09,Appartement,2.0,28.0,92000,3286.0,,,Appartement 2 pices 28 m,https://www.leboncoin.fr/ad/ventes_immobilieres/3130835913
LeBonCoin,2026-03-09,Appartement,4.0,89.0,285000,3202.0,,,Appartement 4 pices 89 m,https://www.leboncoin.fr/ad/ventes_immobilieres/3114549802
LeBonCoin,2026-03-09,Appartement,3.0,57.0,134000,2351.0,,,Appartement 3 pices 57 m,https://www.leboncoin.fr/ad/ventes_immobilieres/3024625990
LeBonCoin,2026-03-09,Appartement,3.0,81.0,189000,2333.0,,,Appartement 3 pices 81 m,https://www.leboncoin.fr/ad/ventes_immobilieres/3154506522
LeBonCoin,2026-03-09,Autre,,207.0,498000,2406.0,,,Immeuble 207 m Toulon,https://www.leboncoin.fr/ad/ventes_immobilieres/3113600429
LeBonCoin,2026-03-09,Maison,6.0,240.0,1190000,4958.0,,,Maison 6 pices 240 m,https://www.leboncoin.fr/ad/ventes_immobilieres/2982482239
LeBonCoin,2026-03-09,Appartement,2.0,54.0,199000,3685.0,,,Appartement 2 pices 54 m,https://www.leboncoin.fr/ad/ventes_immobilieres/3084726123
LeBonCoin,2026-03-09,Appartement,4.0,78.0,220000,2821.0,,,Appartement 4 pices 78 m,https://www.leboncoin.fr/ad/ventes_immobilieres/3042420851
LeBonCoin,2026-03-09,Appartement,1.0,24.0,109500,4562.0,mourillon,travaux,T1 au cur du Mourillon aucun travaux  prvoir,https://www.leboncoin.fr/ad/ventes_immobilieres/3157801299
LeBonCoin,2026-03-09,Appartement,1.0,34.0,95000,2794.0,,,Appartement 1 pice 34 m,https://www.leboncoin.fr/ad/ventes_immobilieres/3085302981
LeBonCoin,2026-03-09,Appartement,5.0,104.0,300000,2885.0,,,Appartement 5 pices 104 m,https://www.leboncoin.fr/ad/ventes_immobilieres/3132876990
LeBonCoin,2026-03-09,Appartement,2.0,43.0,178000,4140.0,,,Appartement - 2 pices - VAL D'ORIA,https://www.leboncoin.fr/ad/ventes_immobilieres/3058829293
LeBonCoin,2026-03-09,Maison,5.0,122.0,555000,4549.0,,,Maison 5 pices 122 m,https://www.leboncoin.fr/ad/ventes_immobilieres/3130524701
LeBonCoin,2026-03-09,Appartement,3.0,67.0,178000,2657.0,,,Appartement 3 pices 67 m,https://www.leboncoin.fr/ad/ventes_immobilieres/3138884273
LeBonCoin,2026-03-09,Appartement,3.0,74.0,316000,4270.0,,,Appartement 3 pices 74 m,https://www.leboncoin.fr/ad/ventes_immobilieres/3063325280
LeBonCoin,2026-03-09,Appartement,2.0,52.0,161200,3100.0,,,Appartement 2 pices 52 m,https://www.leboncoin.fr/ad/ventes_immobilieres/3074408142
LeBonCoin,2026-03-09,Maison,9.0,223.0,900000,4036.0,,,Villa 9 pices 223 m,https://www.leboncoin.fr/ad/ventes_immobilieres/3154645244
LeBonCoin,2026-03-09,Appartement,3.0,61.0,254000,4164.0,,,Appartement - 3 pices - VAL D'ORIA,https://www.leboncoin.fr/ad/ventes_immobilieres/3055609742
LeBonCoin,2026-03-09,Maison,6.0,180.0,850000,4722.0,,,Maison - 6 pices - LA CLOSERAIE TOULON,https://www.leboncoin.fr/ad/ventes_immobilieres/3055567012
LeBonCoin,2026-03-09,Appartement,4.0,82.0,334000,4073.0,,,Appartement - 4 pices - VAL D'ORIA,https://www.leboncoin.fr/ad/ventes_immobilieres/3058829295
LeBonCoin,2026-03-09,Appartement,4.0,76.0,224000,2947.0,,,Appartement 4 pices 76 m,https://www.leboncoin.fr/ad/ventes_immobilieres/3157577127
LeBonCoin,2026-03-09,Appartement,2.0,40.0,102700,2568.0,,,Appartement 2 pices 40 m,https://www.leboncoin.fr/ad/ventes_immobilieres/3063752592
LeBonCoin,2026-03-09,Appartement,1.0,30.0,131000,4367.0,,,Studio 1 pice 30 m,https://www.leboncoin.fr/ad/ventes_immobilieres/3055044007
LeBonCoin,2026-03-09,Appartement,1.0,39.0,139000,3564.0,,,Appartement 1 pice 39 m,https://www.leboncoin.fr/ad/ventes_immobilieres/3131560542
LeBonCoin,2026-03-09,Appartement,2.0,42.0,126000,3000.0,,,Appartement 2 pices 42 m,https://www.leboncoin.fr/ad/ventes_immobilieres/3130835915
LeBonCoin,2026-03-09,Appartement,3.0,58.0,130000,2241.0,,,Appartement 3 pices 58 m,https://www.leboncoin.fr/ad/ventes_immobilieres/2910821915
LeBonCoin,2026-03-09,Appartement,2.0,51.0,161200,3161.0,,,Appartement 2 pices 51 m,https://www.leboncoin.fr/ad/ventes_immobilieres/3074408141
LeBonCoin,2026-03-09,Maison,4.0,131.0,220000,1679.0,,,Maison en viager 4 pices 131 m,https://www.leboncoin.fr/ad/ventes_immobilieres/2767259446
LeBonCoin,2026-03-09,Appartement,4.0,96.0,270000,2812.0,,,Appartement 4 pices 96 m,https://www.leboncoin.fr/ad/ventes_immobilieres/3038639064
LeBonCoin,2026-03-09,Appartement,4.0,76.0,203000,2671.0,,,Appartement 4 pices 76 m,https://www.leboncoin.fr/ad/ventes_immobilieres/3100080501
LeBonCoin,2026-03-09,Appartement,4.0,103.0,285000,2767.0,,,Appartement 4 pices 103 m,https://www.leboncoin.fr/ad/ventes_immobilieres/2450014264
LeBonCoin,2026-03-09,Appartement,4.0,132.0,429000,3250.0,,,Appartement 4 pices 132 m,https://www.leboncoin.fr/ad/ventes_immobilieres/3125661833
LeBonCoin,2026-03-09,Appartement,2.0,49.0,149000,3041.0,,,Appartement 2 pices 49 m,https://www.leboncoin.fr/ad/ventes_immobilieres/3151003103
LeBonCoin,2026-03-09,Maison,4.0,60.0,336000,5600.0,,,Maison de ville 4 pices 60 m,https://www.leboncoin.fr/ad/ventes_immobilieres/3138209716
LeBonCoin,2026-03-09,Maison,6.0,165.0,920000,5576.0,,,Proprit 6 pices 165 m,https://www.leboncoin.fr/ad/ventes_immobilieres/3158678683
LeBonCoin,2026-03-09,Maison,8.0,280.0,1680000,6000.0,,,Maison 8 pices 280 m,https://www.leboncoin.fr/ad/ventes_immobilieres/3092093021
LeBonCoin,2026-03-09,Maison,9.0,220.0,1290000,5864.0,,,Proprit 9 pices 220 m,https://www.leboncoin.fr/ad/ventes_immobilieres/3153643055
LeBonCoin,2026-03-09,Maison,7.0,220.0,1199000,5450.0,,,Villa 7 pices 220 m,https://www.leboncoin.fr/ad/ventes_immobilieres/3132685640
LeBonCoin,2026-03-09,Maison,2.0,55.0,308000,5600.0,,,Maison 2 pices 55 m,https://www.leboncoin.fr/ad/ventes_immobilieres/3126431367
LeBonCoin,2026-03-09,Maison,6.0,175.0,815000,4657.0,,,Proprit 6 pices 175 m,https://www.leboncoin.fr/ad/ventes_immobilieres/3101469949
LeBonCoin,2026-03-09,Maison,4.0,89.0,495000,5562.0,,,Villa 4 pices 89 m,https://www.leboncoin.fr/ad/ventes_immobilieres/3146004911
LeBonCoin,2026-03-09,Maison,8.0,219.0,1095000,5000.0,,,Maison 8 pices 219 m,https://www.leboncoin.fr/ad/ventes_immobilieres/3154380020
LeBonCoin,2026-03-09,Maison,5.0,142.0,970000,6831.0,,,Proprit 5 pices 142 m,https://www.leboncoin.fr/ad/ventes_immobilieres/3104102455
LeBonCoin,2026-03-09,Maison,6.0,170.0,950000,5588.0,,,Maison 6 pices 170 m,https://www.leboncoin.fr/ad/ventes_immobilieres/3154580881
LeBonCoin,2026-03-09,Maison,5.0,105.0,151500,1443.0,,,Maison en Viager 5 pices 105 m,https://www.leboncoin.fr/ad/ventes_immobilieres/3139645269
LeBonCoin,2026-03-09,Maison,5.0,120.0,570000,4750.0,,,Maison 5 pices 120 m,https://www.leboncoin.fr/ad/ventes_immobilieres/3043646583
LeBonCoin,2026-03-09,Maison,8.0,240.0,1380000,5750.0,,,Proprit 8 pices 240 m,https://www.leboncoin.fr/ad/ventes_immobilieres/3038377513
LeBonCoin,2026-03-09,Maison,10.0,265.0,1340000,5057.0,,,Proprit 10 pices 265 m,https://www.leboncoin.fr/ad/ventes_immobilieres/3128049678
LeBonCoin,2026-03-09,Maison,7.0,280.0,1680000,6000.0,,,Maison 7 pices 280 m,https://www.leboncoin.fr/ad/ventes_immobilieres/3019493746
LeBonCoin,2026-03-09,Maison,2.0,70.0,280000,4000.0,,,Maison 2 pices 70 m,https://www.leboncoin.fr/ad/ventes_immobilieres/3024751369
LeBonCoin,2026-03-09,Maison,4.0,95.0,247000,2600.0,,,Maison 4 pices 95 m,https://www.leboncoin.fr/ad/ventes_immobilieres/3106980419
LeBonCoin,2026-03-09,Maison,8.0,223.0,939000,4211.0,,parking/garage,"Maison T7 223 m avec piscine, T2 indpendant, garage et grand terrain La Serinette Toulon",https://www.leboncoin.fr/ad/ventes_immobilieres/3135406654
LeBonCoin,2026-03-09,Maison,4.0,61.0,680000,11148.0,,,Maison 4 pices 61 m,https://www.leboncoin.fr/ad/ventes_immobilieres/2895108694
LeBonCoin,2026-03-09,Maison,5.0,90.0,525000,5833.0,,,Maison 5 pices 90 m,https://www.leboncoin.fr/ad/ventes_immobilieres/3126691259
LeBonCoin,2026-03-09,Maison,6.0,156.0,725000,4647.0,,,Maison 6 pices 156 m,https://www.leboncoin.fr/ad/ventes_immobilieres/3136331611
LeBonCoin,2026-03-09,Maison,10.0,212.0,625000,2948.0,,,Maison 10 pices 212 m,https://www.leboncoin.fr/ad/ventes_immobilieres/3101694681
LeBonCoin,2026-03-09,Maison,5.0,125.0,695000,5560.0,,,Villa 5 pices 125 m,https://www.leboncoin.fr/ad/ventes_immobilieres/3086772497
LeBonCoin,2026-03-09,Maison,6.0,159.0,522000,3283.0,,,Maison 6 pices 159 m,https://www.leboncoin.fr/ad/ventes_immobilieres/3125719684
LeBonCoin,2026-03-09,Maison,2.0,50.0,129000,2580.0,,,Maison de ville 2 pices 50 m,https://www.leboncoin.fr/ad/ventes_immobilieres/3127850558
LeBonCoin,2026-03-09,Terrain,,387.0,217000,561.0,,,Terrain 387 m Toulon,https://www.leboncoin.fr/ad/ventes_immobilieres/3157387001
LeBonCoin,2026-03-09,Maison,7.0,160.0,899900,5624.0,,,Proprit 7 pices 160 m,https://www.leboncoin.fr/ad/ventes_immobilieres/3078937818
LeBonCoin,2026-03-09,Appartement,3.0,113.0,369000,3265.0,,,Appartement 3 pices 113 m,https://www.leboncoin.fr/ad/ventes_immobilieres/3153942501
LeBonCoin,2026-03-09,Maison,5.0,165.0,694500,4209.0,,,Villa 5 pices 165 m,https://www.leboncoin.fr/ad/ventes_immobilieres/2982602779
LeBonCoin,2026-03-09,Appartement,4.0,87.0,305000,3506.0,,,Appartement 4 pices 87 m,https://www.leboncoin.fr/ad/ventes_immobilieres/3153971571
LeBonCoin,2026-03-09,Appartement,3.0,60.0,239000,3983.0,,,Appartement 3 pices 60 m,https://www.leboncoin.fr/ad/ventes_immobilieres/3134555000
LeBonCoin,2026-03-09,Maison,8.0,220.0,1290000,5864.0,,,Maison 8 pices 220 m,https://www.leboncoin.fr/ad/ventes_immobilieres/3153973816
LeBonCoin,2026-03-09,Maison,6.0,165.0,830000,5030.0,,,Maison 6 pices 165 m,https://www.leboncoin.fr/ad/ventes_immobilieres/3150911034
LeBonCoin,2026-03-09,Appartement,3.0,55.0,119000,2164.0,,,Appartement 3 pices 55 m,https://www.leboncoin.fr/ad/ventes_immobilieres/2940477044
LeBonCoin,2026-03-09,Maison,5.0,145.0,925000,6379.0,,,Maison 5 pices 145 m,https://www.leboncoin.fr/ad/ventes_immobilieres/3139064013
LeBonCoin,2026-03-09,Maison,3.0,74.0,480000,6486.0,,,Maison 3 pices 74 m,https://www.leboncoin.fr/ad/ventes_immobilieres/3139424081
LeBonCoin,2026-03-09,Maison,6.0,131.0,598000,4565.0,,,Maison 6 pices 131 m,https://www.leboncoin.fr/ad/ventes_immobilieres/3078261295
LeBonCoin,2026-03-09,Appartement,3.0,53.0,172000,3245.0,,,Appartement 3 pices 53 m,https://www.leboncoin.fr/ad/ventes_immobilieres/3154121552
LeBonCoin,2026-03-09,Maison,4.0,90.0,299000,3322.0,,,Maison 4 pices 90 m,https://www.leboncoin.fr/ad/ventes_immobilieres/3138367312
LeBonCoin,2026-03-09,Maison,3.0,81.0,377000,4654.0,,,Maison 3 pices 81 m,https://www.leboncoin.fr/ad/ventes_immobilieres/3136412258
LeBonCoin,2026-03-09,Terrain,,387.0,217000,561.0,,,Terrain 387 m Toulon,https://www.leboncoin.fr/ad/ventes_immobilieres/3105842859
LeBonCoin,2026-03-09,Maison,9.0,210.0,1290000,6143.0,,,Maison 9 pices 210 m,https://www.leboncoin.fr/ad/ventes_immobilieres/3154258344
LeBonCoin,2026-03-09,Maison,11.0,292.0,2290000,7842.0,,,Proprit 11 pices 292 m,https://www.leboncoin.fr/ad/ventes_immobilieres/3127765279
LeBonCoin,2026-03-09,Autre,,100.0,290000,2900.0,,,Toulon centre / haut de ville - fond de commerce,https://www.leboncoin.fr/ad/ventes_immobilieres/3135404693
LeBonCoin,2026-03-09,Maison,8.0,138.0,750000,5435.0,,,Maison 8 pices 138 m,https://www.leboncoin.fr/ad/ventes_immobilieres/3129853033
LeBonCoin,2026-03-09,Maison,8.0,223.0,939000,4211.0,,,Villa 8 pices 223 m,https://www.leboncoin.fr/ad/ventes_immobilieres/3134317017
LeBonCoin,2026-03-09,Appartement,1.0,23.0,96000,4174.0,,,Appartement 1 pice 23 m,https://www.leboncoin.fr/ad/ventes_immobilieres/3136412254
LeBonCoin,2026-03-09,Maison,3.0,80.0,377000,4712.0,,,Maison 3 pices 80 m,https://www.leboncoin.fr/ad/ventes_immobilieres/3001297111
LeBonCoin,2026-03-09,Maison,5.0,152.0,1050000,6908.0,,,Maison 5 pices 152 m,https://www.leboncoin.fr/ad/ventes_immobilieres/3140935966
LeBonCoin,2026-03-09,Maison,5.0,113.0,478800,4237.0,,,Maison 5 pices 113 m,https://www.leboncoin.fr/ad/ventes_immobilieres/3067987946
LeBonCoin,2026-03-09,Maison,2.0,50.0,300000,6000.0,,,Maison 2 pices 50 m,https://www.leboncoin.fr/ad/ventes_immobilieres/3150850556
LeBonCoin,2026-03-09,Appartement,1.0,16.0,79000,4938.0,,,Appartement 1 pice 16 m,https://www.leboncoin.fr/ad/ventes_immobilieres/3130714850
LeBonCoin,2026-03-09,Maison,6.0,136.0,690000,5074.0,,,Proprit 6 pices 136 m,https://www.leboncoin.fr/ad/ventes_immobilieres/3078844072
LeBonCoin,2026-03-09,Autre,,150.0,685000,4567.0,,,Immeuble 150 m Toulon,https://www.leboncoin.fr/ad/ventes_immobilieres/3104132439
LeBonCoin,2026-03-09,Maison,5.0,88.0,470000,5341.0,,,Maison 5 pices 88 m,https://www.leboncoin.fr/ad/ventes_immobilieres/3155223179
LeBonCoin,2026-03-09,Maison,4.0,67.0,245000,3657.0,,,Maison de ville 4 pices 67 m,https://www.leboncoin.fr/ad/ventes_immobilieres/3125286447
LeBonCoin,2026-03-09,Appartement,2.0,57.0,120000,2105.0,,,Appartement 2 pices 57 m,https://www.leboncoin.fr/ad/ventes_immobilieres/3142329591
LeBonCoin,2026-03-09,Maison,5.0,152.0,545000,3586.0,,,Maison 5 pices 152 m,https://www.leboncoin.fr/ad/ventes_immobilieres/3136412251
LeBonCoin,2026-03-09,Maison,6.0,125.0,655000,5240.0,,,Maison 6 pices 125 m,https://www.leboncoin.fr/ad/ventes_immobilieres/3152150392
LeBonCoin,2026-03-09,Maison,9.0,220.0,1290000,5864.0,,,Maison 9 pices 220 m,https://www.leboncoin.fr/ad/ventes_immobilieres/3154086649
LeBonCoin,2026-03-09,Maison,4.0,71.0,345000,4859.0,,,Maison 4 pices 71 m,https://www.leboncoin.fr/ad/ventes_immobilieres/3148780339
LeBonCoin,2026-03-09,Appartement,4.0,85.0,445000,5235.0,,,Appartement 4 pices 85 m,https://www.leboncoin.fr/ad/ventes_immobilieres/3114226461
LeBonCoin,2026-03-09,Appartement,5.0,107.0,310000,2897.0,,,Appartement 5 pices 107 m,https://www.leboncoin.fr/ad/ventes_immobilieres/3136412255
LeBonCoin,2026-03-09,Maison,6.0,165.0,2484000,15055.0,,,Maison 6 pices 165 m,https://www.leboncoin.fr/ad/ventes_immobilieres/3002276494
LeBonCoin,2026-03-09,Maison,9.0,200.0,525000,2625.0,,,Maison de village 9 pices 200 m,https://www.leboncoin.fr/ad/ventes_immobilieres/3144321135
LeBonCoin,2026-03-09,Appartement,4.0,97.0,465000,4794.0,,,Appartement 4 pices 97 m,https://www.leboncoin.fr/ad/ventes_immobilieres/3078612580
LeBonCoin,2026-03-09,Maison,5.0,170.0,890000,5235.0,,,Proprit 5 pices 170 m,https://www.leboncoin.fr/ad/ventes_immobilieres/3110039326
LeBonCoin,2026-03-09,Maison,5.0,110.0,475000,4318.0,,,Maison 5 pices 110 m,https://www.leboncoin.fr/ad/ventes_immobilieres/3138658516
LeBonCoin,2026-03-09,Maison,7.0,200.0,1900000,9500.0,,,Maison 7 pices 200 m,https://www.leboncoin.fr/ad/ventes_immobilieres/3075228097
LeBonCoin,2026-03-09,Maison,4.0,96.0,247000,2573.0,,,Maison 4 pices 96 m,https://www.leboncoin.fr/ad/ventes_immobilieres/3138368770
LeBonCoin,2026-03-09,Maison,4.0,70.0,310000,4429.0,,,Maison 4 pices 70 m,https://www.leboncoin.fr/ad/ventes_immobilieres/3130810337
LeBonCoin,2026-03-09,Appartement,5.0,120.0,880000,7333.0,,,Duplex 5 pices 120 m,https://www.leboncoin.fr/ad/ventes_immobilieres/3142335271
LeBonCoin,2026-03-09,Maison,5.0,126.0,549000,4357.0,,,Maison 5 pices 126 m,https://www.leboncoin.fr/ad/ventes_immobilieres/3059481939
LeBonCoin,2026-03-09,Maison,10.0,373.0,2495000,6689.0,,,Villa 10 pices 373 m,https://www.leboncoin.fr/ad/ventes_immobilieres/3128085054
LeBonCoin,2026-03-09,Maison,7.0,160.0,765000,4781.0,,,Villa 7 pices 160 m,https://www.leboncoin.fr/ad/ventes_immobilieres/3051211154
LeBonCoin,2026-03-09,Appartement,4.0,80.0,344500,4306.0,,,Triplex 4 pices 80 m,https://www.leboncoin.fr/ad/ventes_immobilieres/3131008268
LeBonCoin,2026-03-09,Appartement,4.0,72.0,244000,3389.0,,,Appartement 4 pices 72 m,https://www.leboncoin.fr/ad/ventes_immobilieres/3136412248
LeBonCoin,2026-03-09,Maison,6.0,165.0,920000,5576.0,,,Proprit 6 pices 165 m,https://www.leboncoin.fr/ad/ventes_immobilieres/3134947386
LeBonCoin,2026-03-09,Maison,6.0,125.0,550000,4400.0,,,Maison 6 pices 125 m,https://www.leboncoin.fr/ad/ventes_immobilieres/3032475957
LeBonCoin,2026-03-09,Maison,6.0,140.0,885000,6321.0,,,Proprit 6 pices 140 m,https://www.leboncoin.fr/ad/ventes_immobilieres/3151549913
LeBonCoin,2026-03-09,Appartement,3.0,58.0,215000,3707.0,,,Appartement 3 pices 58 m,https://www.leboncoin.fr/ad/ventes_immobilieres/3142298715
LeBonCoin,2026-03-09,Maison,5.0,134.0,560000,4179.0,,,Proprit 5 pices 134 m,https://www.leboncoin.fr/ad/ventes_immobilieres/3093228009
LeBonCoin,2026-03-09,Appartement,2.0,45.0,219526,4878.0,,,Appartement - 2 pices - LA CLOSERAIE TOULON,https://www.leboncoin.fr/ad/ventes_immobilieres/3053901190
LeBonCoin,2026-03-09,Appartement,4.0,67.0,229500,3425.0,"haute ville, claret",,Toulon centre - haute ville / claret,https://www.leboncoin.fr/ad/ventes_immobilieres/3135403006
LeBonCoin,2026-03-09,Appartement,2.0,39.0,107500,2756.0,,,Appartement 2 pices 39 m,https://www.leboncoin.fr/ad/ventes_immobilieres/3139308727
LeBonCoin,2026-03-09,Appartement,4.0,78.0,345000,4423.0,,,Appartement 4 pices 78 m,https://www.leboncoin.fr/ad/ventes_immobilieres/3153149023
LeBonCoin,2026-03-09,Appartement,5.0,82.0,274000,3341.0,,,Appartement 5 pices 82 m,https://www.leboncoin.fr/ad/ventes_immobilieres/3119692423
LeBonCoin,2026-03-09,Maison,4.0,100.0,320000,3200.0,,,Maison 4 pices 100 m,https://www.leboncoin.fr/ad/ventes_immobilieres/3144119945
LeBonCoin,2026-03-09,Maison,9.0,185.0,960000,5189.0,,,Maison 9 pices 185 m,https://www.leboncoin.fr/ad/ventes_immobilieres/3134755957
LeBonCoin,2026-03-09,Maison,6.0,153.0,522000,3412.0,,,Maison de ville 6 pices 153 m,https://www.leboncoin.fr/ad/ventes_immobilieres/3121874427
LeBonCoin,2026-03-09,Appartement,4.0,102.0,560000,5490.0,,,Appartement 4 pices 102 m,https://www.leboncoin.fr/ad/ventes_immobilieres/3147797698
LeBonCoin,2026-03-09,Appartement,5.0,127.0,249000,1961.0,,,Appartement 5 pices 127 m,https://www.leboncoin.fr/ad/ventes_immobilieres/3078673581
LeBonCoin,2026-03-09,Maison,6.0,150.0,770000,5133.0,,,Villa 6 pices 150 m,https://www.leboncoin.fr/ad/ventes_immobilieres/3140519031
LeBonCoin,2026-03-09,Maison,5.0,90.0,420000,4667.0,,,Maison 5 pices 90 m,https://www.leboncoin.fr/ad/ventes_immobilieres/3124757240
LeBonCoin,2026-03-09,Appartement,6.0,154.0,375000,2435.0,,,Appartement 6 pices 154 m,https://www.leboncoin.fr/ad/ventes_immobilieres/3074127857
LeBonCoin,2026-03-09,Maison,5.0,150.0,950000,6333.0,,,Villa 5 pices 150 m,https://www.leboncoin.fr/ad/ventes_immobilieres/3092909264
LeBonCoin,2026-03-09,Maison,5.0,94.0,443000,4713.0,,,Maison 5 pices 94 m,https://www.leboncoin.fr/ad/ventes_immobilieres/3155904373
LeBonCoin,2026-03-09,Maison,8.0,138.0,750000,5435.0,,,Maison 8 pices 138 m,https://www.leboncoin.fr/ad/ventes_immobilieres/3092788261
LeBonCoin,2026-03-09,Maison,5.0,120.0,625000,5208.0,,,Maison 5 pices 120 m,https://www.leboncoin.fr/ad/ventes_immobilieres/3152380027
LeBonCoin,2026-03-09,Maison,8.0,270.0,1555000,5759.0,,,Maison 8 pices 270 m,https://www.leboncoin.fr/ad/ventes_immobilieres/2952380875
LeBonCoin,2026-03-09,Maison,6.0,136.0,640000,4706.0,,,Maison 6 pices 136 m,https://www.leboncoin.fr/ad/ventes_immobilieres/3155869521
LeBonCoin,2026-03-09,Appartement,4.0,78.0,175000,2244.0,,,Appartement 4 pices 78 m,https://www.leboncoin.fr/ad/ventes_immobilieres/3095111828
LeBonCoin,2026-03-09,Maison,5.0,94.0,385000,4096.0,,,Villa 5 pices 94 m,https://www.leboncoin.fr/ad/ventes_immobilieres/3113721615
LeBonCoin,2026-03-09,Maison,7.0,150.0,810000,5400.0,,,Maison 7 pices 150 m,https://www.leboncoin.fr/ad/ventes_immobilieres/3150145648
LeBonCoin,2026-03-09,Terrain,,151.0,370000,2450.0,,,Terrain 2 151 m Toulon,https://www.leboncoin.fr/ad/ventes_immobilieres/3126691272
LeBonCoin,2026-03-09,Appartement,4.0,84.0,124000,1476.0,,,Appartement 4 pices 84 m,https://www.leboncoin.fr/ad/ventes_immobilieres/3144160601
LeBonCoin,2026-03-09,Appartement,4.0,87.0,226000,2598.0,,,Appartement 4 pices 87 m,https://www.leboncoin.fr/ad/ventes_immobilieres/3060674621
LeBonCoin,2026-03-09,Maison,5.0,125.0,860000,6880.0,,,Maison 5 pices 125 m,https://www.leboncoin.fr/ad/ventes_immobilieres/3155743363
LeBonCoin,2026-03-09,Maison,5.0,121.0,665000,5496.0,,,Maison 5 pices 121 m,https://www.leboncoin.fr/ad/ventes_immobilieres/3155743057
LeBonCoin,2026-03-09,Maison,5.0,141.0,698000,4950.0,,,Villa 5 pices 141 m,https://www.leboncoin.fr/ad/ventes_immobilieres/3072612359
LeBonCoin,2026-03-09,Appartement,3.0,54.0,200000,3704.0,,,Appartement 3 pices 54 m,https://www.leboncoin.fr/ad/ventes_immobilieres/3146994433
LeBonCoin,2026-03-09,Appartement,4.0,77.0,315000,4091.0,,,Appartement 4 pices 77 m,https://www.leboncoin.fr/ad/ventes_immobilieres/3138658346
LeBonCoin,2026-03-09,Appartement,2.0,54.0,230000,4259.0,,,Appartement 2 pices 54 m,https://www.leboncoin.fr/ad/ventes_immobilieres/3130281807
LeBonCoin,2026-03-09,Appartement,5.0,116.0,305000,2629.0,,,Appartement 5 pices 116 m,https://www.leboncoin.fr/ad/ventes_immobilieres/3147096090
LeBonCoin,2026-03-09,Maison,5.0,230.0,568000,2470.0,,,Maison de ville 5 pices 230 m,https://www.leboncoin.fr/ad/ventes_immobilieres/3144040147
LeBonCoin,2026-03-09,Maison,4.0,72.0,380000,5278.0,,,Maison 4 pices 72 m,https://www.leboncoin.fr/ad/ventes_immobilieres/3127189203
LeBonCoin,2026-03-09,Maison,5.0,142.0,665000,4683.0,,,Maison 5 pices 142 m,https://www.leboncoin.fr/ad/ventes_immobilieres/3150061182
LeBonCoin,2026-03-09,Maison,4.0,72.0,350000,4861.0,,,Maison 4 pices 72 m,https://www.leboncoin.fr/ad/ventes_immobilieres/2944404754
LeBonCoin,2026-03-09,Appartement,1.0,24.0,160000,6667.0,mourillon,,Studio toulon mourillon,https://www.leboncoin.fr/ad/ventes_immobilieres/3087291046
LeBonCoin,2026-03-09,Maison,3.0,45.0,262000,5822.0,,,Maison 3 pices 45 m,https://www.leboncoin.fr/ad/ventes_immobilieres/3155598555
LeBonCoin,2026-03-09,Appartement,3.0,71.0,216000,3042.0,,,Appartement 3 pices 71 m,https://www.leboncoin.fr/ad/ventes_immobilieres/3138782895
LeBonCoin,2026-03-09,Maison,3.0,70.0,349000,4986.0,,,Maison 3 pices 70 m,https://www.leboncoin.fr/ad/ventes_immobilieres/3121043495
LeBonCoin,2026-03-09,Maison,8.0,266.0,3900000,14662.0,,,Villa 8 pices 266 m,https://www.leboncoin.fr/ad/ventes_immobilieres/3054030336
LeBonCoin,2026-03-09,Maison,4.0,126.0,83750,665.0,,,Maison en Viager 4 pices 126 m,https://www.leboncoin.fr/ad/ventes_immobilieres/3028957445
LeBonCoin,2026-03-09,Maison,6.0,240.0,1190000,4958.0,,,Maison 6 pices 240 m,https://www.leboncoin.fr/ad/ventes_immobilieres/3155384706
LeBonCoin,2026-03-09,Appartement,6.0,135.0,420000,3111.0,,,Appartement 6 pices 135 m,https://www.leboncoin.fr/ad/ventes_immobilieres/3092119218
LeBonCoin,2026-03-09,Maison,5.0,132.0,560000,4242.0,,,Maison 5 pices 132 m,https://www.leboncoin.fr/ad/ventes_immobilieres/3142329589
LeBonCoin,2026-03-09,Maison,4.0,200.0,1115000,5575.0,,,Maison 4 pices 200 m,https://www.leboncoin.fr/ad/ventes_immobilieres/3138363688
LeBonCoin,2026-03-09,Maison,4.0,131.0,599000,4573.0,,,Maison 4 pices 131 m,https://www.leboncoin.fr/ad/ventes_immobilieres/3113414821
LeBonCoin,2026-03-09,Maison,6.0,186.0,960000,5161.0,,,Maison 6 pices 186 m,https://www.leboncoin.fr/ad/ventes_immobilieres/3079994298
LeBonCoin,2026-03-09,Maison,7.0,161.0,599000,3720.0,,,Maison 7 pices 161 m,https://www.leboncoin.fr/ad/ventes_immobilieres/3138448134
LeBonCoin,2026-03-09,Maison,5.0,72.0,380000,5278.0,,,Maison 5 pices 72 m,https://www.leboncoin.fr/ad/ventes_immobilieres/3059867717
LeBonCoin,2026-03-09,Maison,4.0,140.0,745000,5321.0,,,Maison 4 pices 140 m,https://www.leboncoin.fr/ad/ventes_immobilieres/3128788920
LeBonCoin,2026-03-09,Maison,5.0,130.0,467000,3592.0,,,Maison 5 pices 130 m,https://www.leboncoin.fr/ad/ventes_immobilieres/3111641375
LeBonCoin,2026-03-09,Maison,2.0,61.0,270000,4426.0,,,Maison 2 pices 61 m,https://www.leboncoin.fr/ad/ventes_immobilieres/3037855277
LeBonCoin,2026-03-09,Maison,4.0,105.0,419000,3990.0,,,Maison 4 pices 105 m,https://www.leboncoin.fr/ad/ventes_immobilieres/3151872923
LeBonCoin,2026-03-09,Appartement,2.0,66.0,176000,2667.0,,,Appartement 2 pices 66 m,https://www.leboncoin.fr/ad/ventes_immobilieres/3105246339
LeBonCoin,2026-03-09,Maison,6.0,150.0,695000,4633.0,,,Maison 6 pices 150 m,https://www.leboncoin.fr/ad/ventes_immobilieres/3106494685
LeBonCoin,2026-03-09,Maison,7.0,223.0,939000,4211.0,,,Villa 7 pices 223 m,https://www.leboncoin.fr/ad/ventes_immobilieres/3135026295
LeBonCoin,2026-03-09,Appartement,3.0,62.0,275000,4435.0,,,Appartement 3 pices 62 m,https://www.leboncoin.fr/ad/ventes_immobilieres/3130281797
LeBonCoin,2026-03-09,Appartement,2.0,46.0,128000,2783.0,,,Appartement 2 pices 46 m,https://www.leboncoin.fr/ad/ventes_immobilieres/3143661276
LeBonCoin,2026-03-09,Appartement,3.0,54.0,116000,2148.0,,,Appartement en viager 3 pices 54 m,https://www.leboncoin.fr/ad/ventes_immobilieres/3131819632
LeBonCoin,2026-03-09,Maison,6.0,185.0,521880,2821.0,,,Proprit en Viager 6 pices 185 m,https://www.leboncoin.fr/ad/ventes_immobilieres/3143603561
LeBonCoin,2026-03-09,Appartement,2.0,41.0,159000,3878.0,,,Appartement 2 pices 41 m,https://www.leboncoin.fr/ad/ventes_immobilieres/3153906297
LeBonCoin,2026-03-09,Appartement,4.0,80.0,315000,3938.0,,,Appartement 4 pices 80 m,https://www.leboncoin.fr/ad/ventes_immobilieres/3060524040
LeBonCoin,2026-03-09,Maison,6.0,156.0,595000,3814.0,,,Maison 6 pices 156 m,https://www.leboncoin.fr/ad/ventes_immobilieres/3071212528
LeBonCoin,2026-03-09,Maison,2.0,44.0,179000,4068.0,,,Maison 2 pices 44 m,https://www.leboncoin.fr/ad/ventes_immobilieres/3132465430
LeBonCoin,2026-03-09,Maison,4.0,102.0,525000,5147.0,,,Maison 4 pices 102 m,https://www.leboncoin.fr/ad/ventes_immobilieres/3131784598
LeBonCoin,2026-03-09,Appartement,2.0,60.0,265000,4417.0,,,Appartement 2 pices 60 m,https://www.leboncoin.fr/ad/ventes_immobilieres/3114259553
LeBonCoin,2026-03-09,Appartement,3.0,61.0,296872,4867.0,,,Appartement - 3 pices - LA CLOSERAIE TOULON,https://www.leboncoin.fr/ad/ventes_immobilieres/3050545681
LeBonCoin,2026-03-09,Maison,4.0,145.0,925000,6379.0,cap brun,,Villa T4 Toulon Cap brun,https://www.leboncoin.fr/ad/ventes_immobilieres/3151743481
LeBonCoin,2026-03-09,Appartement,3.0,74.0,159000,2149.0,,,Appartement 3 pices 74 m,https://www.leboncoin.fr/ad/ventes_immobilieres/3142329590
LeBonCoin,2026-03-09,Appartement,2.0,47.0,232000,4936.0,,,Appartement 2 pices 47 m,https://www.leboncoin.fr/ad/ventes_immobilieres/2970471499
LeBonCoin,2026-03-09,Appartement,4.0,82.0,420000,5122.0,mourillon,,Toulon mourillon appartement T4,https://www.leboncoin.fr/ad/ventes_immobilieres/3140229521
LeBonCoin,2026-03-09,Appartement,2.0,38.0,249000,6553.0,,proche mer,Haut de Villa - F2 - 250 mtres des plages,https://www.leboncoin.fr/ad/ventes_immobilieres/3133359436
LeBonCoin,2026-03-09,Appartement,1.0,18.0,75000,4167.0,,,Studio 1 pice 18 m,https://www.leboncoin.fr/ad/ventes_immobilieres/2997340203
LeBonCoin,2026-03-09,Appartement,1.0,31.0,169000,5452.0,,,Studio 1 pice 31 m,https://www.leboncoin.fr/ad/ventes_immobilieres/3003539448
LeBonCoin,2026-03-09,Appartement,1.0,21.0,78000,3714.0,,,Appartement 1 pice 21 m,https://www.leboncoin.fr/ad/ventes_immobilieres/3153857722
LeBonCoin,2026-03-09,Appartement,1.0,25.0,98000,3920.0,,,Studio 1 pice 25 m,https://www.leboncoin.fr/ad/ventes_immobilieres/3147650633
LeBonCoin,2026-03-09,Appartement,5.0,153.0,1490000,9739.0,,,Studio 5 pices 153 m,https://www.leboncoin.fr/ad/ventes_immobilieres/3119192195
LeBonCoin,2026-03-09,Appartement,1.0,21.0,58200,2771.0,,,Studio 1 pice 21 m,https://www.leboncoin.fr/ad/ventes_immobilieres/3133466705
LeBonCoin,2026-03-09,Autre,10.0,163.0,685000,4202.0,,,Immeuble 10 pices 163 m,https://www.leboncoin.fr/ad/ventes_immobilieres/3109059902
LeBonCoin,2026-03-09,Appartement,1.0,18.0,55000,3056.0,,parking/garage,LMNP Toulon  Rsidence tudiante GSA Alfred Nobel  Loyer 3 121 HT/an  55 000  Parking,https://www.leboncoin.fr/ad/ventes_immobilieres/3156481224
LeBonCoin,2026-03-09,Appartement,1.0,19.0,82500,4342.0,,,Studio 1 pice 19 m,https://www.leboncoin.fr/ad/ventes_immobilieres/3156478285
LeBonCoin,2026-03-09,Appartement,1.0,30.0,110000,3667.0,,,Studio 1 pice 30 m,https://www.leboncoin.fr/ad/ventes_immobilieres/3133888360
LeBonCoin,2026-03-09,Appartement,1.0,30.0,85000,2833.0,,,Studio 1 pice 30 m,https://www.leboncoin.fr/ad/ventes_immobilieres/3089370228
LeBonCoin,2026-03-09,Appartement,1.0,25.0,79000,3160.0,,,Studio 1 pice 25 m,https://www.leboncoin.fr/ad/ventes_immobilieres/2982602845
LeBonCoin,2026-03-09,Appartement,3.0,78.0,320000,4103.0,,,Studio 3 pices 78 m,https://www.leboncoin.fr/ad/ventes_immobilieres/3106327638
LeBonCoin,2026-03-09,Appartement,4.0,113.0,573000,5071.0,,,Studio 4 pices 113 m,https://www.leboncoin.fr/ad/ventes_immobilieres/3156031273
LeBonCoin,2026-03-09,Appartement,1.0,25.0,89000,3560.0,,,Studio 1 pice 25 m,https://www.leboncoin.fr/ad/ventes_immobilieres/3086167833
LeBonCoin,2026-03-09,Appartement,1.0,20.0,82500,4125.0,,,Studio 1 pice 20 m,https://www.leboncoin.fr/ad/ventes_immobilieres/3026989532
LeBonCoin,2026-03-09,Appartement,1.0,24.0,119000,4958.0,,,Studio 1 pice 24 m,https://www.leboncoin.fr/ad/ventes_immobilieres/3134529149
LeBonCoin,2026-03-09,Appartement,3.0,138.0,755250,5473.0,,,Appartement en Viager 3 pices 138 m,https://www.leboncoin.fr/ad/ventes_immobilieres/3155905777
LeBonCoin,2026-03-09,Appartement,1.0,18.0,59000,3278.0,,,Studio 1 pice 18 m,https://www.leboncoin.fr/ad/ventes_immobilieres/2809749525
LeBonCoin,2026-03-09,Appartement,1.0,22.0,95000,4318.0,,,Studio 1 pice 22 m,https://www.leboncoin.fr/ad/ventes_immobilieres/3140118397
LeBonCoin,2026-03-09,Autre,11.0,223.0,499000,2238.0,,,Immeuble 11 pices 223 m,https://www.leboncoin.fr/ad/ventes_immobilieres/3097463711
LeBonCoin,2026-03-09,Autre,,340.0,595000,1750.0,,,Immeuble 340 m TOULON,https://www.leboncoin.fr/ad/ventes_immobilieres/3138768097
LeBonCoin,2026-03-09,Appartement,1.0,29.0,135000,4655.0,cap brun,,Toulon petit bois cap brun studio dernier etage expos sud,https://www.leboncoin.fr/ad/ventes_immobilieres/3146997748
LeBonCoin,2026-03-09,Appartement,5.0,153.0,1490000,9739.0,,,Appartement 5 pices 153 m,https://www.leboncoin.fr/ad/ventes_immobilieres/3116638670
LeBonCoin,2026-03-09,Appartement,1.0,20.0,82500,4125.0,,,Studio 1 pice 20 m,https://www.leboncoin.fr/ad/ventes_immobilieres/3019180419
LeBonCoin,2026-03-09,Appartement,1.0,22.0,99000,4500.0,,,Studio 1 pice 22 m,https://www.leboncoin.fr/ad/ventes_immobilieres/3064174638
LeBonCoin,2026-03-09,Autre,2.0,339.0,499000,1472.0,,,Immeuble 2 pices 339 m,https://www.leboncoin.fr/ad/ventes_immobilieres/3127308707
LeBonCoin,2026-03-09,Appartement,5.0,157.0,590000,3758.0,,,Studio 5 pices 157 m,https://www.leboncoin.fr/ad/ventes_immobilieres/3143628316
LeBonCoin,2026-03-09,Appartement,1.0,28.0,109000,3893.0,,,Studio 1 pice 28 m,https://www.leboncoin.fr/ad/ventes_immobilieres/3038855241
LeBonCoin,2026-03-09,Appartement,1.0,20.0,76990,3850.0,,,Studio 1 pice 20 m,https://www.leboncoin.fr/ad/ventes_immobilieres/3111057518
LeBonCoin,2026-03-09,Appartement,2.0,32.0,138000,4312.0,,,Appartement 2 pices 32 m,https://www.leboncoin.fr/ad/ventes_immobilieres/2688305799
LeBonCoin,2026-03-09,Appartement,1.0,32.0,109000,3406.0,,,Studio 1 pice 32 m,https://www.leboncoin.fr/ad/ventes_immobilieres/3096505074
LeBonCoin,2026-03-09,Appartement,1.0,32.0,105000,3281.0,,,Appartement 1 pice 32 m,https://www.leboncoin.fr/ad/ventes_immobilieres/3066194008
LeBonCoin,2026-03-09,Appartement,1.0,27.0,120000,4444.0,,,Studio + cellier vue port de toulon,https://www.leboncoin.fr/ad/ventes_immobilieres/3154893946
LeBonCoin,2026-03-09,Autre,,382.0,750000,1963.0,,,Immeuble 382 m Toulon,https://www.leboncoin.fr/ad/ventes_immobilieres/3091804196
LeBonCoin,2026-03-09,Autre,,270.0,1150000,4259.0,,,Immeuble 270 m Toulon,https://www.leboncoin.fr/ad/ventes_immobilieres/3091804194
LeBonCoin,2026-03-09,Appartement,1.0,30.0,128000,4267.0,,,Studio 1 pice 30 m,https://www.leboncoin.fr/ad/ventes_immobilieres/3091669461
LeBonCoin,2026-03-09,Autre,,72.0,310000,4306.0,,,Immeuble 72 m Toulon,https://www.leboncoin.fr/ad/ventes_immobilieres/3059176636
LeBonCoin,2026-03-09,Appartement,1.0,25.0,114000,4560.0,,,Studio 1 pice 25 m,https://www.leboncoin.fr/ad/ventes_immobilieres/3104628546
LeBonCoin,2026-03-09,Appartement,5.0,87.0,255000,2931.0,,,Appartement 5 pices 87 m,https://www.leboncoin.fr/ad/ventes_immobilieres/3151399272
LeBonCoin,2026-03-09,Appartement,1.0,18.0,60000,3333.0,,,Studio 1 pice 18 m,https://www.leboncoin.fr/ad/ventes_immobilieres/2760237151
LeBonCoin,2026-03-09,Appartement,1.0,39.0,114900,2946.0,,,Appartement 1 pice 39 m,https://www.leboncoin.fr/ad/ventes_immobilieres/3112881020
LeBonCoin,2026-03-09,Appartement,2.0,40.0,206604,5165.0,,,Appartement - 2 pices - Toulon au coeur d'un quartier vivant et commerant,https://www.leboncoin.fr/ad/ventes_immobilieres/2382750791
LeBonCoin,2026-03-09,Appartement,4.0,75.0,325292,4337.0,,,Appartement - 4 pices - Toulon au coeur d'un quartier vivant et commerant,https://www.leboncoin.fr/ad/ventes_immobilieres/2382750793
LeBonCoin,2026-03-09,Appartement,1.0,17.0,53000,3118.0,,,Studio 1 pice 17 m,https://www.leboncoin.fr/ad/ventes_immobilieres/3150917652
LeBonCoin,2026-03-09,Appartement,3.0,60.0,276938,4616.0,,,Appartement - 3 pices - Toulon au coeur d'un quartier vivant et commerant,https://www.leboncoin.fr/ad/ventes_immobilieres/2382750792
LeBonCoin,2026-03-09,Appartement,1.0,18.0,88391,4911.0,,,Studio 1 pice 18 m,https://www.leboncoin.fr/ad/ventes_immobilieres/3147650741
LeBonCoin,2026-03-09,Appartement,1.0,28.0,81990,2928.0,,,Studio 1 pice 28 m,https://www.leboncoin.fr/ad/ventes_immobilieres/3111057510
LeBonCoin,2026-03-09,Maison,6.0,168.0,830000,4940.0,,,Maison 6 pices 168 m,https://www.leboncoin.fr/ad/ventes_immobilieres/3148336591
LeBonCoin,2026-03-09,Appartement,1.0,23.0,184000,8000.0,,,Studio 1 pice 23 m,https://www.leboncoin.fr/ad/ventes_immobilieres/3146972041
LeBonCoin,2026-03-09,Appartement,1.0,28.0,130000,4643.0,,,Studio 1 pice 28 m,https://www.leboncoin.fr/ad/ventes_immobilieres/3062865417
LeBonCoin,2026-03-09,Appartement,1.0,21.0,98500,4690.0,"claret, saint-roch",jardin/terrasse,"Studio meubl avec terrasse  zero charges  Centre & gare  pied
Toulon  Haut Claret / Bas Saint-Roch",https://www.leboncoin.fr/ad/ventes_immobilieres/3141193147
LeBonCoin,2026-03-09,Autre,10.0,223.0,490000,2197.0,centre ville,,Immeuble de rapport 223m2 centre ville TOULON,https://www.leboncoin.fr/ad/ventes_immobilieres/3068045970
LeBonCoin,2026-03-09,Appartement,1.0,27.0,122000,4519.0,,,Toulon hyper centre,https://www.leboncoin.fr/ad/ventes_immobilieres/3137167360
LeBonCoin,2026-03-09,Appartement,3.0,40.0,149000,3725.0,,,Studio 3 pices 40 m,https://www.leboncoin.fr/ad/ventes_immobilieres/3009851051
LeBonCoin,2026-03-09,Appartement,1.0,12.0,28000,2333.0,,,Studio atypique,https://www.leboncoin.fr/ad/ventes_immobilieres/3135276082
LeBonCoin,2026-03-09,Appartement,1.0,28.0,76000,2714.0,,,TOULON CENTRE Idal investissement locatif,https://www.leboncoin.fr/ad/ventes_immobilieres/3124974327
LeBonCoin,2026-03-09,Appartement,1.0,25.0,98000,3920.0,,,Studio 1 pice 25 m,https://www.leboncoin.fr/ad/ventes_immobilieres/3127993137
LeBonCoin,2026-03-09,Appartement,1.0,26.0,78000,3000.0,,,Studio 26m,https://www.leboncoin.fr/ad/ventes_immobilieres/3127662815
